Key;;;en;hr

c_language_settings__title_screen;language_settings;;Select Language;Odaberi jezik;
c_language_settings__lbl_option_primary;;;ENGLISH;ENGLESKI;
c_language_settings__lbl_option_secondary;;;HRVATSKI;HRVATSKI;
c_language_settings__lbl_option_tertiary;;;;;

c_common__btn_ok;common;;OK;UREDU;
c_common__btn_next;;;NEXT;SLJEDEĆI;
c_common__btn_back;;;Back;Natrag;
c_common__btn_done;;;DONE;GOTOVO;
c_common__btn_yes;;;Yes;Da;
c_common__btn_no;;;No;Ne;
c_common__btn_continue;;;CONTINUE;NASTAVI;
c_common__btn_confirm;;;CONFIRM;POTVRDI;
c_common__btn_delete;;;DELETE;OBRIŠI;
c_common__btn_share;;;Share;Podijeli;
c_common__btn_contact_us;;;Contact us;Kontaktiraj nas;
c_common__lbl_find_branch;;;Locate branch;Pronađi poslovnicu;
c_common__btn_close;;;Close;Zatvori;
c_common__btn_cancel;;;CANCEL;PONIŠTI;
c_common__btn_retry;;;RETRY;;
c_common__btn_approve;;;Approve;;
c_common__btn_reject;;;Reject;;
c_common__lbl_network_error;;;Network error;Greška na mreži;
c_common__lbl_no_internet_connection_error;;;No internet connection;Nema Internet veze;
c_common__lbl_general_client_error;;;General error occurred;Dogodila se greška;
c_common__title_info;;;Info;Informacije;
c_common__lbl_copied_to_clipboard;;;Copied to clipboard;Kopirano u međuspremnik;
s_common__title_currency_choose;;;Choose currency;Odaberi valutu;
s_common__lbl_amount_minimum;;;Please enter amount higher than %1$s;Molimo Vas upišite iznos veći od %1$s;
s_common__lbl_amount_minimum_inclusive;;;Please enter amount %1$s or higher;Molimo Vas upišite iznos %1$s ili veći;
s_common__lbl_amount_maximum;;;Please enter amount less than %1$s;Molimo Vas upišite iznos manji od %1$s;
s_common__lbl_amount_maximum_inclusive;;;Please enter amount %1$s or less;Molimo Vas upišite iznos %1$s ili manji;
a_common__biometric_description;;;Please verify your identity to continue;Da biste nastavili, molimo Vas potvrdite svoj identitet;
a_common__biometric_cta;;;Use PIN;Upiši PIN;
i_common__biometric_message;;;Please verify your identity to continue;Da biste nastavili, molimo Vas potvrdite svoj identitet;
s_common__biometric_auth_messsage;;;Please verify your identity to continue;Da biste nastavili, molimo Vas potvrdite svoj identitet;
s_common__btn_save;;;SAVE;SPREMI;
s_common__btn_send;;;SEND;;
s_common__lbl_select_account_;;;-;-;
s_common__lbl_select_account_BANK_ACCOUNT;;;Accounts;Računi;
s_common__lbl_select_account_SAVING_ACCOUNT;;;Savings;Štednje;
s_common__lbl_select_account_LOANS;;;Loans;Krediti;
s_common__lbl_select_account_CREDIT_CARD;;;Cards;Kartice;
s_common__lbl_select_account_DEBIT_CARD;;;Cards;Kartice;
s_common__btn_see_our_exchange_rate_and_fee;;;SEE OUR EXCHANGE RATE AND FEE;POGLEDAJTE NAŠ TEČAJ I NAKNADE;
s_common__lbl_see_our_exchange_rate_and_fee;;;SEE OUR EXCHANGE RATE AND FEE;POGLEDAJTE NAŠ TEČAJ I NAKNADE;
s_common__lbl_show_more;;;SHOW MORE;PRIKAŽI VIŠE;
s_common__lbl_show_less;;;SHOW LESS;PRIKAŽI MANJE;
s_common__lbl_validation_error_email;;;Not a valid email address;Neispravni format e-mail adrese;
s_common__lbl_validation_error_phone;;;Not a valid MSISDN formatted number;Neispravni format MSISDN broja telefona;
c_common__lbl_select_all;;;SELECT ALL;;
a_common__lbl_notification_channel;;;Notifications;;

s_common__lbl_country_name;;;-;;
s_common__lbl_country_name_australia;;;Australia;;
s_common__lbl_country_name_bosnia;;;Bosnia and Hercegovina;;
s_common__lbl_country_name_canada;;;Canada;;
s_common__lbl_country_name_HRK;;;Croatia;;
s_common__lbl_country_name_denmark;;;Denmark;;
s_common__lbl_country_name_EUR;;;European Union;;
s_common__lbl_country_name_GBP;;;Great Britain;;
s_common__lbl_country_name_hungary;;;Hungary;;
s_common__lbl_country_name_japan;;;Japan;;
s_common__lbl_country_name_norway;;;Norway;;
s_common__lbl_country_name_serbia;;;Serbia;;
s_common__lbl_country_name_CHF;;;Switzerland;;
s_common__lbl_country_name_USD;;;United States of America;;

c_prelogin__btn_lbs;prelogin;;Locations;Lokacije;
c_prelogin__btn_exchange_list;;;Exchange list;Tečajna lista;
c_prelogin__btn_messages;;;Inbox;Pretinac;
c_prelogin__btn_contacts;;;Contacts;Kontakti;
c_prelogin__btn_demo;;;Demo;Demo;
c_prelogin__btn_product_catalog;;;Products;Proizvodi;
c_prelogin__btn_login;;;LOG IN;PRIJAVA;
c_prelogin__btn_register;;;REGISTER;REGISTRACIJA;
c_prelogin__btn_mobile_token;;;mToken;mToken;
c_prelogin__btn_mcash;;;mCash;mGotovina;
c_prelogin__btn_mbalance;;;mBalance;mStanje;
c_prelogin__btn_more;;;More;Više;
c_prelogin__lbl_how_to_get_registration_codes;;;How to get registration codes?;Gdje mogu dobiti registracijske kodove?;
c_prelogin__btn_how_to_get_registration_codes;;;HOW TO GET REGISTRATION CODES?;GDJE MOGU DOBITI REGISTRACIJSKE KODOVE?;
c_prelogin__lbl_forgot_pin;;;FORGOT YOUR PIN?;ZABORAVILI STE PIN?;
c_prelogin__lbl_how_to_get_registration_codes_msg;;;For security reasons, registration code is a one-time password (i.e. you can use it only once).\n\nFirst part of registration code is delivered in numeric and QR code format. You can get it in the branch or generate it yourself via Internet Banking application.\n\nThe second part of registration code will be sent to you via SMS,after you scan or insert the first part of the code.\n\nIf you need more information, please visit the branch or contact us.;Iz sigurnosnih razloga, kodovi za registraciju su jednokratni (mogu se koristiti samo jednom).\n\nPrvi dio registracijskog koda se isporučuje u numeričkom i QR formatu. Možete ga zatražiti u poslovnici ili generirati kroz Internet Banking aplikaciju.\n\nDrugi dio registracijskog koda će Vam biti poslan putem SMS-a, nakon što upišete ili skenirate prvio dio koda.\n\nAko Vam je potrebno više informacija, molimo posjetite poslovnicu ili nas kontaktirajte.;
c_prelogin__title_forgot_pin;;;I don't remember my PIN;Ne sjećam se PIN-a;
c_prelogin__lbl_forgot_pin_msg;;;If you have forgotten your PIN, you must register the application again and set a new PIN.\n\nYou can register with your user ID and recovery code or with a new one-time registration code.\n\nYou can get a new registration code in your branch or generate it via Internet Banking.\n\nIf you need more information, please visit your branch or contact us.;Ako ste zaboravili svoj PIN, morate ponovno registrirati aplikaciju i postaviti novi PIN.\n\nMožete se registrirati sa svojim korisničkim identifikatorom i kodom za obnovu aplikacije ili s novim jednokratnim registracijskim kodom.\n\nNovi registracijski kod možete zatražiti u poslovnici ili generirati kroz Internet Banking aplikaciju.\n\nAko Vam je potrebno više informacija, molimo posjetite poslovnicu ili nas kontaktirajte.;
c_prelogin__title_welcome_unregistered;;;Welcome,;Dobrodošli,;
c_prelogin__lbl_welcome_unregistered;;;Guest!;Goste!;
c_prelogin__title_welcome_registered;;;Welcome back;Dobrodošli natrag;
c_account_locked__title_account_locked;;;Profile locked;Profil zaključan;
c_account_locked__lbl_account_locked_msg;;;You have entered an incorrect PIN too many times in a row. You must register your application again.\n\nYou can register with your user ID and recovery code or with a new one-time registration code.\n\nYou can get a new registration code in your branch or generate it via Internet Banking.\n\nIf you need more information please visit your branch or contact us at;Upisali ste neispravan PIN previše puta zaredom. Morate ponovno registrirati aplikaciju.\n\nMožete se registrirati sa svojim korisničkim identifikatorom i kodom za obnovu aplikacije ili s novim jednokratnim registracijskim kodom.\n\nNovi registracijski kod možete zatražiti u poslovnici ili generirati kroz Internet Banking aplikaciju.\n\nAko Vam je potrebno više informacija, molimo posjetite poslovnicu ili nas kontaktirajte na;
s_prelogin__lbl_open_inbox;;;Open inbox;Otvori pretinac;
c_prelogin__title_biometric_disabled;;;Biometrics disabled!;;
c_prelogin__lbl_biometric_disabled_msg;;;We have detected changes in biometrics settings on this device. For security reasons, biometric for login and payments has been disabled. You can enable biometric again in app settings.;;
c_prelogin__btn_shortcut_pay_someone;;;Pay someone;;
c_prelogin__btn_shortcut_scan_to_pay;;;Scan to pay;;
c_prelogin__btn_shortcut_internal_transfer;;;Internal transfer;;
c_prelogin__btn_shortcut_request_money;;;Request money;;

c_registration__title_first_step;activation;;App registration;;
c_registration__subtitle_first_step_scan_QR_code;;;Scanning…;;
c_registration__lbl_first_step_scan_QR_code_msg;;;Scan one-time QR code or\nenter numeric code manually;;
c_registration__lbl_first_step_enter_ic;;;Enter one-time 8-digit code here;;
c_registration__subtitle_first_step_insert_code;;;Input code;;
c_registration__title_error_invalid_qr;;;Invalid QR code format;;
c_registration__lbl_error_invalid_qr_msg;;;Scanned QR code is invalid. Please scan the QR code you received from the Bank or enter the 8-digit registration key manually.;;
c_registration__lbl_enable_camera_in_settings;;;TO SCAN THE CODE, ENABLE CAMERA IN APP SETTINGS;;
c_registration__title_second_step;;;Confirmation code;;
c_registration__subtitle_second_step_insert_code;;;Input code from SMS;;
c_registration__lbl_second_step_timer_msg;;;Resend SMS in %s;;
c_registration__lbl_second_step_resend_sms_link;;;TAP TO RESEND SMS\nREMAINING ATTEMPTS (%d);;
c_registration__lbl_second_step_contact_the_bank_link;;;IF YOU DIDN'T RECEIVE THE CODE\nPLEASE CONTACT THE BANK;;
c_registration__lbl_second_step_input_field;;;Enter one-time SMS code;;
c_registration__title_not_your_phone_number;;;Not your phone number?;;
c_registration__lbl_not_your_phone_number_msg;;;If you don’t have this phone number anymore, please visit the branch.;;
c_registration__title_define_pin;;;Set your PIN;;
c_registration__lbl_define_pin_placeholder;;;4 to 8-digit PIN;;
c_registration__lbl_define_pin_rules_msg;;;For security reasons you should set a 4 to 8 digits long PIN number. Avoid using repeated numbers (1111) and numbers in a row (1234).;;
c_registration__title_confirm_pin;;;Confirm your PIN;;
c_registration__lbl_confirm_pin_repeat;;;Repeat your PIN from previous step;;
c_registration__lbl_confirm_pin_error_msg;;;PINs do not match. Please try again;;
c_registration__lbl_define_pin_repeated_numbers_error_msg;;;PIN digits cannot be repeated (1111) or in a row (1234). Please define a different PIN.;;
c_registration__btn_help;;;Help;;
c_registration__btn_info;;;Info;;
c_registration__title_success;;;All setup & ready to GO!;;
c_registration__lbl_success_msg;;;You've registered your mBanking app.\nNo more waiting, no more rows.\nJust first class digital banking experience!;;
c_registration__lbl_biometric;;;USE BIOMETRICS FOR LOGIN & PAYMENTS;;
c_registration__btn_start;;;START mBANKING;;
c_registration__lbl_select_existing_user;;;EXISTING USER;;
c_registration__lbl_select_existing_user_info;;;With recovery code;;
c_registration__lbl_select_new_user;;;NEW USER;;
c_registration__lbl_select_new_user_info;;;With one-time QR code;;
c_registration__title_wizard;;;PIN and recovery code;;
c_registration__subtitle_wizard_pin_setup;;;Set and confirm your PIN;;
c_registration__lbl_wizard_pin_info;;;PIN code is used for login and payment authorization.;;
c_registration__subtitle_wizard_recovery_code_setup;;;Set and confirm your recovery code;;
c_registration__lbl_wizard_recovery_code_info;;;Recovery code is used to move your mBanking app to a new phone or register it again if you forget your PIN.;;
c_registration__subtitle_wizard_success;;;All setup & ready to go!;;
c_registration__title_define_recovery_code;;;Set your recovery code;;
c_registration__lbl_define_recovery_code_hint;;;8 to 16-digit recovery code;;
c_registration__lbl_define_recovery_code_rules_msg;;;For security reasons you should set an 8 to 16 digit number. Avoid using repeated numbers (11111111) and numbers in a row (12345678);;
c_registration__lbl_define_recovery_code_error_msg;;;Recovery code digits cannot be repeated (11111111) or in a row (12345678). Please define a different recovery code.;;
c_registration__title_confirm_recovery_code;;;Confirm your recovery code;;
c_registration__lbl_confirm_recovery_code_msg;;;Repeat your mBanking recovery code from previous step;;
c_registration__lbl_confirm_recovery_code_error_msg;;;Recovery codes do not match. Please try again;;

c_recovery__title_first_step;recovery;;App registration;;
c_recovery__subtitle_first_step;;;Input user ID;;
c_recovery__lbl_first_step_info_msg;;;To recover your mBanking, we need to know your bank user ID;;
c_recovery__lbl_input_user_id;;;Enter user ID;;
c_recovery__title_enter_recovery_code;;;Enter recovery code;;
c_recovery__lbl_forgot_recovery_code;;;FORGOT YOUR RECOVERY CODE?;;
c_recovery__lbl_input_recovery_coded;;;8-16 digit code for mBanking recovery;;
c_recovery__title_forgot_recovery_code;;;I don't remember my recovery code;;
c_recovery__lbl_forgot_recovery_code_msg;;;If you have forgotten your recovery code, you must get a new one-time registration code or reset your recovery code.\nYou can get a new registration code in your branch, via Internet Banking or Contact center.\nYou can reset your recovery code in Internet and Mobile Banking app's Settings area or via Contact center.\nIf you need more information, please visit your branch or contact us.;;
c_recovery__title_recovery_failed;;;Recovery failed!;;
c_recovery__lbl_recovery_failed_msg;;;You have entered an invalid user ID or recovery code!;;
c_recovery__title_recovery_code_blocked;;;Recovery code blocked!;;
c_recovery__lbl_recovery_code_blocked_msg;;;You have entered an incorrect recovery code too many times in a row.\nTo register your Mobile Banking application again, you must get a new one-time registration code or reset your recovery code.\nYou can get a new registration code in your branch, via Internet Banking or Contact center.\nYou can reset your recovery code in Internet and Mobile Banking app's Settings area or via Contact center.\nIf you need more information, please visit your branch or contact us.;;

c_mtoken__title_token;token;;mToken;;
c_qr_scanning__lbl_enable_camera_in_settings;;;TO SCAN QR CODE, ENABLE CAMERA IN APP SETTINGS;;
c_qr_scanning__lbl_no_internet_connection;;;NO INTERNET CONNECTION;;
c_qr_scanning__lbl_qr_code_info;;;Scan QR code to login or authorize a payment;;
c_mtoken__lbl_qrcode;;;Scan QR code;;
c_mtoken__title_additional_options;;;Generate;;
c_mtoken__title_otp_code;;;OTP code;;
c_mtoken__btn_otp;;;OTP;;
c_mtoken__lbl_otp_description;;;Generate one time password;;
c_mtoken__btn_mds;;;MDS;;
c_mtoken__lbl_mds_description;;;Generate code for transaction signature;;
c_mtoken__lbl_token_SN;;;TOKEN SERIAL NUMBER;;
c_mtoken__lbl_OTP;;;YOUR OTP CODE;;
c_mtoken__btn_copy;;;COPY OTP CODE;;
c_mtoken__title_mds_code;;;MDS code;;
c_mtoken_mds__lbl_mds_input_1_title;;;Beneficiary account;;
c_mtoken_mds__lbl_mds_input_1_description;;;Last 8 characters;;
c_mtoken_mds__lbl_mds_input_2_title;;;Amount;;
c_mtoken_mds__lbl_mds_input_2_description;;;Without decimal parts;;
c_mtoken_mds_code_lbl_mds_code;;;YOUR MDS CODE;;
c_mtoken_mds__btn_generate_mds;;;GENERATE MDS;;
c_mtoken_mds__btn_copy_mds;;;COPY MDS CODE;;
c_qr_login__title_qr_login_content_title;;;Login request;;
c_qr_login__lbl_qr_login_message_description;;;Do you approve login to %s;;
c_qr_login__lbl_login_rejected;;;Login request rejected;;
c_qr_login__lbl_login_approved;;;Login request approved;;
c_qr_login__lbl_consent_confirmation_error_title;;;Error;;
c_qr_login__lbl_login_approved_title;;;Info;;
c_qr_login__lbl_login_error_title;;;Error;;
c_qr_login__lbl_login_rejected_title;;;Info;;
c_qr_transaction__lbl_transaction_confirmation_error_title;;;Error;;
c_qr_transaction__title_qr_transaction_confirmation;;;Authorize payment;;
c_qr_transaction__lbl_qr_transaction_notice_msg;;;Please make sure that payment details listed here below are equal to the ones you specified on the payment order!;;
c_qr_transaction__btn_confirm;;;CONFIRM;;
c_qr_transaction__btn_reject;;;REJECT;;
c_qr_transaction__title_qr_transaction_confirmed;;;Payment authorized;;
c_qr_transaction__lbl_qr_transaction_confirmed_notice_msg;;;Your payment authorization request has been sent successfully!;;
c_qr_transaction__btn_close;;;DONE;;
c_qr_transaction__title_qr_transaction_content_title;;;Reject payment;;
c_qr_transaction__lbl_qr_transaction_rejection_description;;;Are you sure you want to reject this payment?;;
c_qr_transaction__title_qr_transaction_rejected;;;Payment rejected;;
c_qr_transaction__lbl_qr_transaction_rejected_notice_msg;;;Your payment authorization request has been rejected!;;
c_qr_consent__title_qr_consent_confirmation;;;Authorize consent;;
c_qr_consent__lbl_qr_consent_notice_msg;;;Please read carefuly content of consent before your approval.;;
c_qr_consent__btn_reject;;;REJECT;;
c_qr_consent__btn_confirm;;;CONFIRM;;
c_qr_consent__title_qr_consent_confirmed;;;Consent confirmed;;
c_qr_consent__lbl_qr_consent_confirmed_notice_msg;;;Your consent is successfully confirmed!;;
c_qr_consent__btn_close;;;DONE;;
c_qr_consent__title_qr_consent_content_title;;;Reject consent;;
c_qr_consent__lbl_qr_consent_rejection_description;;;Are you sure you want to reject this consent?;;
c_qr_consent__title_qr_consent_rejected;;;Consent rejected;;
c_qr_consent__lbl_qr_consent_rejected_notice_msg;;;Your consent has been rejected!;;
c_qrcode__title_qr_scanning_error;;;Invalid QR code format;;
c_qrcode__lbl_qr_scanning_error_msg;;;Scanned QR code is invalid. Please scan valid QR code.;;
c_qr_login__lbl_login_error;;;Login response sending failed;;
c_qr_transaction__lbl_transaction_confirmation_error;;;Transaction response sending failed;;
c_qr_consent__lbl_consent_confirmation_error;;;Consent response sending failed;;
c_push__lbl_push_validation_error_msg;;;Recieved push notification cannot be processed. .;;
c_push__title_push_validation_error;;;Invalid push notification data;;
c_push_login__title_push_login_content_title;;;Login request;;
c_push_login__lbl_push_login_message_description;;;Do you want to approve login to %s? ;;
c_push_login__lbl_login_rejected;;;Login request rejected;;
c_push_login__lbl_login_approved;;;Login request approved;;
c_push_login__lbl_login_error;;;Login response sending failed;;
c_push_login__lbl_login_approved_title;;;Info;;
c_push_login__lbl_login_error_title;;;Error;;
c_push_login__lbl_login_rejected_title;;;Info;;
c_push_transaction__title_push_transaction_confirmation;;;Authorize payment;;
c_push_transaction__lbl_push_transaction_notice_msg;;;Please make sure that payment details listed here below are equal to the ones you specified on the payment order!;;
c_push_transaction__btn_confirm;;;CONFIRM;;
c_push_transaction__title_push_transaction_confirmed;;;Payment authorized;;
c_push_transaction__lbl_push_transaction_confirmed_notice_msg;;;Your payment authorization request has been sent successfully!;;
c_push_transaction__btn_close;;;DONE;;
c_push_transaction__title_push_transaction_content_title;;;Reject payment;;
c_push_transaction__lbl_push_transaction_rejection_description;;;Are you sure you want to reject this payment?;;
c_push_transaction__title_push_transaction_rejected;;;Payment rejected;;
c_push_transaction__lbl_push_transaction_rejected_notice_msg;;;Your payment authorization request has been rejected!;;
c_push_transaction__lbl_transaction_confirmation_error;;;Transaction response sending failed;;
c_push_transaction__btn_reject;;;REJECT;;
c_push_transaction__lbl_transaction_confirmation_error_title;;;Error;;
c_push_consent__title_push_consent_confirmation;;;Authorize consent;;
c_push_consent__lbl_push_consent_notice_msg;;;Please read carefuly content of consent before your approval.;;
c_push_consent__btn_reject;;;REJECT;;
c_push_consent__btn_confirm;;;CONFIRM;;
c_push_consent__title_push_consent_confirmed;;;Consent confirmed;;
c_push_consent__lbl_push_consent_confirmed_notice_msg;;;Your consent is successfully confirmed!;;
c_push_consent__btn_close;;;DONE;;
c_push_consent__title_push_consent_content_title;;;Reject consent;;
c_push_consent__lbl_push_consent_rejection_description;;;Are you sure you want to reject this consent?;;
c_push_consent__title_push_consent_rejected;;;Consent rejected;;
c_push_consent__lbl_push_consent_rejected_notice_msg;;;Your consent has been rejected!;;
c_push_consent__lbl_consent_confirmation_error;;;Consent response sending failed;;
c_push_consent__lbl_consent_confirmation_error_title;;;Error;;
c_push_notification__notification_title;;;Notification title;;



c_lbs__title_lbs_map;;;Locations Map;;
c_lbs__title_lbs;lbs;;Branches and ATMs;;
c_lbs__title_atm_details;;;ATM details;;
c_lbs__title_branch_details;;;Branch details;;
c_lbs__title_atm_branches_list;;;Locations List;;
c_lbs__btn_menu_map;;;Map;;
c_lbs__btn_menu_list;;;List;;
c_lbs__btn_menu_filter;;;Filter;;
c_lbs__lbl_short_details_branch;;;BRANCH;;
c_lbs__lbl_short_details_atm;;;ATM;;
c_lbs__btn_start_navigation;;;START NAVIGATION;;
c_lbs__lbl_search;;;Search by name or address;;
c_lbs__title_filter;;;Select filter;;
c_lbs__lbl_show_open;;;Show only open;;
c_lbs__btn_reset;;;RESET;;
c_lbs__btn_filter;;;FILTER;;
c_lbs__lbl_poi_working_hours_open;;;OPEN;;
c_lbs__lbl_poi_working_hours_closed;;;CLOSED;;
c_lbs__lbl_poi_working_hours_unknown;;;UNKNOWN;;

s_lbs__lbl_poi_working_hours;;;Working hours;;

s_lbs__label_service;;;-;;
s_lbs__label_service_atm_in;;;CASH-IN ATM;;
s_lbs__label_service_atm_out;;;CASH-OUT ATM;;
s_lbs__label_service_mcash;;;mCASH ATM;;
s_lbs__label_service_branch;;;BRANCH;;

c_enter_pin__lbl_scrambled_keyboard_msg;enter_pin;;SCRAMBLED KEYBOARD ENSURES SECURITY;;
c_enter_pin__lbl_incorrect_pin;;;Incorrect PIN! Attempt N/3.;;
c_enter_pin__lbl_enter_pin;;;Enter PIN;;

s_contacts__title_contacts;contacts;;Contacts;;
s_contacts__subtitle_contacts;;;Do you have questions?;;
s_contacts__lbl_description;;;Call free customer service to get your questions answered every day from 6:00 to 22:00;;
s_contacts__lbl_call_us;;;Call us;;
s_contacts__lbl_find_us;;;Find us;;
s_contacts__lbl_other;;;Other contacts;;
s_contacts__lbl_social_media;;;Social media;;
s_contacts__lbl_linkedin;;;LinkedIn;;
s_contacts__lbl_twitter;;;Twitter;;
s_contacts__lbl_youtube;;;YouTube;;
s_contacts__lbl_facebook;;;Facebook;;
s_contacts__lbl_help;;;Help;;
s_contacts__lbl_faq;;;FAQ;;
s_contacts__lbl_domestic_telephone;;;Domestic number;;
s_contacts__lbl_international_telephone;;;From abroad number;;
s_contacts__lbl_mail;;;info@asseco-see.hr;;
s_contacts__lbl_web;;;https://www.asseco.com/see;;
s_contacts__lbl_lbs;;;Branches and ATMs;;
s_contacts__lbl_about;;;About app;;
s_contacts__lbl_tell_a_friend;;;Tell a friend about us;;
s_contacts__lbl_share_app;;;To download new Asseco mBanking application please tap on the link to your OS store: %nAndroid: %s%nApple: %s%nHuawei: %s;;
s_contacts__lbl_about_details;;;My Pocket Bank v%s %n%s / %s%n Developed by Asseco SEE;;

s_exchange_list__title_info;exchange_list;;Info;;
s_exchange_list__lbl_info_msg;;;All exchange rates on this screen are middle rate and are for information purpose only.;;
s_exchange_list__title_exchange_list;;;Exchange list;;
s_exchange_list__lbl_list_date;;;List date;;
s_exchange_list__lbl_last_update;;;Effective from %1$s;;
s_exchange_list__lbl_exchange_rate;;;Exchange rate;;
s_exchange_list__title_select_exchange_rate;;;Select exchange rate;;
s_exchange_list__lbl_rate_middle;;;Middle rate;;
s_exchange_list__lbl_rate_buy;;;Buying rate;;
s_exchange_list__lbl_rate_sell;;;Selling rate;;
s_exchange_list__btn_edit_currency_list;;;EDIT CURRENCY LIST;;
s_exchange_list__title_currency_list;;;Select currencies;;
s_exchange_list__lbl_tab_middle;;;MIDDLE;;
s_exchange_list__lbl_tab_buy;;;BUY;;
s_exchange_list__lbl_tab_sell;;;SELL;;

s_dashboard__btn_dashboard;dashboard;;Home;;
s_dashboard__btn_payments;;;Payments;;
s_dashboard__btn_products;;;Products;;
s_dashboard__btn_more;;;More;;
s_dashboard__title_logout;;;Logout;;
s_dashboard__lbl_logout;;;Do you really want to exit MyPocketBank?;;

s_inbox__btn_notifications;inbox;;Notifications;;
s_inbox__btn_messages;;;Messages;;
s_inbox__title_notifications;;;Notifications;;
s_inbox__lbl_notifications_search;;;Search Notifications;;
s_inbox__title_messages;;;Messages;;
s_inbox__lbl_messages_search;;;Search Messages;;
s_inbox__btn_read;;;Read;;
s_inbox__btn_delete;;;Delete;;
s_inbox__tooltip_swipe_gesture;;;Swipe left on a list item to mark it as read or delete it;;
s_inbox__title_reply_message;;;Reply Message;;
s_inbox__title_message_type;;;Message type;;
s_inbox__lbl_message_type_value;;;Complaint;;
s_inbox__title_message_title;;;Message title;;
s_inbox__lbl_message_content;;;Message;;
s_inbox__btn_add_attachment;;;ADD ATTACHMENT;;
s_inbox__title_add_attachment;;;Attachments;;

s_inbox__initial_message_title;;;Welcome to adaptive mBanking;;
s_inbox__initial_message_body;;;Welcome to the next generation mBanking;;

s_documents__title_statements;statements;;Statements;;
s_documents__title_contracts;;;Contracts;;
s_documents__lbl_statements;;;Statements;;
s_documents__lbl_contracts;;;Contracts;;
s_documents__lbl_documents_list;;;Documents list;;

s_filters__title_filter;filters;;Select filters;;
s_filters__btn_apply_filter;;;FILTER;;
s_filters__btn_reset_filter;;;RESET;;
s_filters__title_transaction_type;;;Transaction type;;
s_filters__subtitle_transaction_direction;;;Transactions;;
s_filters__subtitle_transaction_type;;;Transaction type;;
s_filters__lbl_transaction_direction_incoming;;;INCOMING;;
s_filters__lbl_transaction_direction_outgoing;;;OUTGOING;;
s_filters__lbl_transaction_type;;;TYPE;;
s_filters__subtitle_timespan;;;Time;;
s_filters__lbl_timespan;;;-;;
s_filters__lbl_timespan_LAST_WEEK;;;LAST WEEK;;
s_filters__lbl_timespan_LAST_MONTH;;;LAST 30 DAYS;; 
s_filters__lbl_timespan_LAST_3_MONTHS;;;LAST 3 MONTHS;;
s_filters__lbl_timespan_LAST_6_MONTHS;;;LAST 6 MONTHS;;
s_filters__lbl_timespan_SPECIFIC;;;CUSTOM PERIOD;;
s_filters__lbl_timespan_UNLIMITED;;;UNLIMITED;;
s_filters__lbl_timespan_from;;;From;;
s_filters__lbl_timespan_to;;;To;;
s_filters__lbl_timespan_to_error;;;To date must be higher than From date;;
s_filters__lbl_timespan_from_error;;;From date must be lower than To date;;
s_filters__subtitle_amount;;;Amount;;
s_filters__lbl_amount_from;;;From;;
s_filters__lbl_amount_to;;;To;;
s_filters__lbl_amount_to_error;;;To amount must be higher than From amount;;
s_filters__lbl_amount_from_error;;;From amount must be lower than To amount;;

s_product_shelf__title_overview;product_shelf;;Products;;
s_product_shelf__subtitle_contacts;;;Where can I find out more?;;
s_product_shelf__btn_contact_me;;;CONTACT ME;;
s_product_shelf__title_contact_me_success;;;Interest recorded;;
s_product_shelf__lbl_contact_me_success;;;Thank you for your interest, we will contact you shortly.;;

i_plist_NSFaceIDUsageDescription;ios_permissions;;Application uses FaceID.;;
i_plist_NSLocationWhenInUseUsageDescription;;;Application uses location when in use.;;
i_plist_NSCameraUsageDescription;;;Application uses the camera to scan QR codes.;;
i_plist_NSPhotoLibraryAddUsageDescription;;;Application can save images to your photo library.;;

s_menu__lbl_dashboard;menu;;Home;;
s_menu__lbl_payments;;;Payments;;
s_menu__lbl_product_catalog;;;Product catalog;;
s_menu__lbl_more;;;More;;

c_common__title_select_account;;;SELECT ACCOUNT;;
c_common__title_select_currency;;;Select currency;;

s_account_details__lbl_chart_empty_state;;;You will see your balance change here.;;

s_dashboard__title;;;-;;
s_dashboard__title_BANK_ACCOUNT;;;Accounts;;
s_dashboard__title_SAVING_ACCOUNT;;;Savings;;
s_dashboard__title_LOAN;;;Loans;;
s_dashboard__title_CREDIT_CARD;;;Cards;;
s_dashboard__title_DEBIT_CARD;;;Cards;;

s_dashboard__lbl_shortcuts;;;Shortcuts;;
s_dashboard__lbl_shortcuts_scan_to_pay;;;Scan to pay;;
s_dashboard__lbl_shortcuts_pay_someone;;;Pay someone;;
s_dashboard__lbl_shortcuts_request_money;;;Request money;;
s_dashboard__lbl_shortcuts_m_cash;;;mCash;;

s_accounts__lbl_no_accounts_for_payment_error_msg;;;You don't have eligible accounts to perform this payment.;;

s_accounts__lbl_chart_time_period_in_days;;;Last %d days;;
s_accounts__lbl_chart_time_period_in_weeks;;;Last %d weeks;;
s_accounts__lbl_chart_time_period_in_months;;;Last %d months;;

s_accounts__lbl_chart_time_period_3_months;;;3 MONTHS;;
s_accounts__lbl_chart_time_period_2_months;;;2 MONTHS;;
s_accounts__lbl_chart_time_period_30_days;;;30 DAYS;;

s_accounts__lbl_action_bar_share_account_info;;;SHARE;;
s_accounts__lbl_action_bar_info;;;DETAILS;;
s_accounts__lbl_action_bar_statements;;;STATEMENTS;;
s_accounts__lbl_action_bar_overview;;;OVERVIEW;;
s_accounts__lbl_action_bar_more;;;MORE;;
s_accounts__lbl_action_bar_internal_transfer_credit;;;ADD MONEY;;
s_accounts__lbl_action_bar_internal_transfer_credit_CREDIT_CARD;;;REPAY;;
s_accounts__lbl_action_bar_internal_transfer_debit;;;PAY;;
s_accounts__lbl_action_bar_domestic_payment;;;PAY;;
s_accounts__lbl_action_bar_scan_and_pay;;;SCAN TO PAY;;
s_accounts__lbl_action_bar_connected_card;;;GO TO CARD;;

s_accounts__lbl_overlay_status;;;-;;
s_accounts__lbl_overlay_status_CLOSED;;;This account is closed;;
s_accounts__lbl_overlay_status_NOT_ACTIVATED;;;This account is not active yet;;
s_accounts__lbl_overlay_status_BLOCKED_BY_BANK;;;This account is blocked;;
s_accounts__lbl_overlay_status_BLOCKED_BY_USER;;;This account is frozen;;

s_accounts__lbl_account_amount_description;;;Available amount;;
s_accounts__lbl_account_amount_description_SAVING_ACCOUNT;;;Balance;;
s_accounts__lbl_account_amount_description_LOAN;;;Repaid amount (%s);;

s_accounts__lbl_account_picker_balance;;;Available amount;;
s_accounts__lbl_account_picker_balance_SAVING_ACCOUNT;;;Balance;;
s_accounts__lbl_account_picker_balance_LOAN;;;Repaid amount (%s);;

s_accounts__lbl_graph_empty_state;;;A visual representation of your transactions will appear here!;;

s_accounts__lbl_graph_legend;;;Legend;;

s_accounts__lbl_graph_line_chart_balance;;;Balance;;
s_accounts__lbl_graph_line_chart_balance_BANK_ACCOUNT;;;Available amount;;

s_accounts__lbl_graph_semi_circle_center_LOAN;;;Installments paid;;
s_accounts__lbl_graph_semi_circle_start_LOAN;;;CONTRACTING DATE;;
s_accounts__lbl_graph_semi_circle_end_LOAN;;;MATURITY DATE;;

s_accounts__lbl_graph_legend_available;;;Available;;
s_accounts__lbl_graph_legend_spent;;;Spent;;
s_accounts__lbl_graph_legend_reserved;;;Reserved;;

s_accounts__lbl_graph_title_;;;-;;
s_accounts__lbl_graph_title_CREDIT_CARD;;;Limit status;;
s_accounts__lbl_graph_title_DEBIT_CARD;;;-;;
s_accounts__lbl_graph_title_BANK_ACCOUNT;;;-;;
s_accounts__lbl_graph_title_LOAN;;;-;;
s_accounts__lbl_graph_title_SAVING_ACCOUNT;;;-;;

s_accounts__lbl_graph_empty_overlay_;;;-;;
s_accounts__lbl_graph_empty_overlay_CREDIT_CARD;;;Your graph data will appear here once the card is in active state.;;
s_accounts__lbl_graph_empty_overlay_DEBIT_CARD;;;Your graph data will appear here once the card is in active state.;;
s_accounts__lbl_graph_empty_overlay_BANK_ACCOUNT;;;Your graph data will appear here once the bank account is in active state.;;
s_accounts__lbl_graph_empty_overlay_LOAN;;;Your graph data will appear here.;;
s_accounts__lbl_graph_empty_overlay_SAVING_ACCOUNT;;;Your graph data will appear here.;;

s_accounts__title_info;;;Account details;;
s_accounts__lbl_info_account_name;;;Account name;;
s_accounts__lbl_info_account_info_details;;;Account info details;;

s_accounts__title_options;;;Options;;
s_accounts__title_options_BANK_ACCOUNT;;;Account options;;
s_accounts__title_options_CREDIT_CARD;;;Credit card options;;
s_accounts__title_options_DEBIT_CARD;;;Debit card options;;
s_accounts__title_options_SAVING_ACCOUNT;;;Saving options;;
s_accounts__title_options_LOAN;;;Loan options;;

s_accounts__picker_dialog_title;;;Select;;
s_accounts__picker_dialog_title_BANK_ACCOUNT;;;Select Bank Account;;
s_accounts__picker_dialog_title_CREDIT_CARD;;;Select Credit Card;;
s_accounts__picker_dialog_title_DEBIT_CARD;;;Select Debit Card;;
s_accounts__picker_dialog_title_SAVING_ACCOUNT;;;Select Saving;;
s_accounts__picker_dialog_title_LOAN;;;Select Loan;;

s_accounts__picker_title;;;SELECT;;
s_accounts__picker_title_BANK_ACCOUNT;;;SELECT BANK ACCOUNT;;
s_accounts__picker_title_CREDIT_CARD;;;SELECT CARD;;
s_accounts__picker_title_DEBIT_CARD;;;SELECT CARD;;
s_accounts__picker_title_SAVING_ACCOUNT;;;SELECT SAVING;;
s_accounts__picker_title_LOAN;;;SELECT LOAN;;

s_accounts__lbl_linked_cards;;;Linked cards;;

s_accounts__lbl_overdue_;;;-;;
s_accounts__lbl_overdue_CREDIT_CARD;;;Payment due %s ago;;
s_accounts__lbl_overdue_LOAN;;;Next installment in %s;;

s_accounts__lbl_upcoming_installment_;;;-;;
s_accounts__lbl_upcoming_installment_CREDIT_CARD;;;Next installment in %s;;
s_accounts__lbl_upcoming_installment_LOAN;;;Next installment in %s;;

s_accounts__lbl_pay_;;;-;;
s_accounts__lbl_pay_CREDIT_CARD;;;TAP TO PAY;;
s_accounts__lbl_pay_LOAN;;;TAP TO PAY;;

s_transactions__subtitle_transactions_widget;;;Transactions;;
s_transactions__btn_transactions_widget_no_transactions;;;You will see your transactions here.;;
s_transactions__lbl_no_transactions;;;When you make transactions, they will be listed here!;;
s_transactions__lbl_month_no_transactions;;;There are no transactions yet!;;
s_transactions__lbl_filter_no_transactions;;;There are no results to be displayed here.;;
s_transactions__lbl_search_bar_hint_txt;;;Search transactions;;
c_transactions__btn_all_transactions_search_no_results;;;There are no transactions that match your search criteria.;;
s_transactions__btn_all_transactions_edit_or_remove_filter;;;RESET FILTER;;
s_transactions__lbl_transaction_rejected;;;REJECTED;;
s_transactions__lbl_transaction_pending;;;PENDING;;

s_transactions__title_transaction_details;;;Transaction details;;
s_transactions__lbl_transaction_details_action_bar_view_receipt;;;VIEW RECEIPT;;
s_transactions__lbl_transaction_details_action_bar_share_receipt;;;SHARE;;
s_transactions__lbl_transaction_details_action_bar_copy;;;COPY PAYMENT;;
s_transactions__lbl_transaction_details_action_bar_copy_successful;;;Transaction copied!;;

s_transactions__lbl_transaction_type;;;Unknown;;
s_transactions__lbl_transaction_type_ATM_POS;;;ATM/POS;;
s_transactions__lbl_transaction_type_AUTOMATIC_DEBIT;;;AUTOMATIC DEBIT;;
s_transactions__lbl_transaction_type_BRANCH_TRANSACTIONS;;;BRANCH TRANSACIONS;;
s_transactions__lbl_transaction_type_CURRENCY_EXCHANGE;;;CURRENCY EXCHANGE;;
s_transactions__lbl_transaction_type_DOMESTIC_PAYMENT;;;DOMESTIC PAYMENT;;
s_transactions__lbl_transaction_type_FEE_INTEREST;;;FEE/INTEREST;;
s_transactions__lbl_transaction_type_INTERNATIONAL_PAYMENT;;;INTERNATIONAL PAYMENT;;
s_transactions__lbl_transaction_type_INVESTMENT;;;INVESTMENT;;
s_transactions__lbl_transaction_type_SALARY_PENSION;;;SALARY/PENSION;;
s_transactions__lbl_transaction_type_SEPA_PAYMENT;;;SEPA PAYMENT;;

s_transactions__lbl_transaction_direction;;;-;;
s_transactions__lbl_transaction_direction_ALL;;;ALL;;
s_transactions__lbl_transaction_direction_INCOME;;;INCOMING;;
s_transactions__lbl_transaction_direction_OUTCOME;;;OUTGOING;;

s_statements__title_statements_options;;;Statements Options;;
s_statements__lbl_delivery_method;;;Delivery method;;
s_statements__lbl_delivery_selector_label;;;Select delivery method;;
s_statements__lbl_delivery_method_EMAIL;;;E-MAIL ADDRESS;;
s_statements__lbl_delivery_method_ADDRESS;;;HOME ADDRESS;;
s_statements__lbl_delivery_method_BRANCH;;;BRANCH OFFICE;;
s_statements__lbl_delivery_frequency;;;Delivery frequency;;
s_statements__lbl_delivery_frequency_monthly;;;MONTHLY;;
s_statements__lbl_delivery_frequency_quarterly;;;QUARTERLY;;
s_statements__lbl_delivery_frequency_semiannually;;;SEMIANUALLY;;
s_statements__lbl_delivery_frequency_yearly;;;YEARLY;;
s_statements__lbl_your_email;;;Your e-mail address;;
s_statements__lbl_your_home;;;Your home address;;
s_statements__lbl_your_branch;;;Your branch office;;

s_cards__lbl_overlay_status;;;-;;
s_cards__lbl_overlay_status_CLOSED;;;This card is closed;;
s_cards__lbl_overlay_status_NOT_ACTIVATED;;;This card is not active yet;;
s_cards__lbl_overlay_status_BLOCKED_BY_BANK;;;This card is blocked;;
s_cards__lbl_overlay_status_BLOCKED_BY_USER;;;This card is frozen;;
s_cards__lbl_chart_time_period_6_months;;;6 MONTHS;;
s_cards__btn_activate_card;;;ACTIVATE CARD;;
s_cards_activation__title_card_activation;;;Card activation;;
s_cards_activation__lbl_insert_input_numbers;;;Input the missing numbers from your card;;
s_cards_activation__lbl_insert_input_expiry;;;Input card validity;;
s_cards_activation__lbl_insert_input_cvv;;;Input CVV code;;
s_cards_activation__lbl_info;;;In order to use your card, you need to activate it first! Follow the next simple steps and you will be good to go in no time.;;

s_cards__lbl_dialog_confirm_block;;;Freeze card;;
s_cards__lbl_dialog_dismiss_block;;;Close;;
s_cards__lbl_dialog_title_block;;;Freeze card;;
s_cards__lbl_dialog_msg_block;;;You are about to freeze your card.\n\nThis is a reversible action and should be used in cases when you are not sure where your card is. Or when you need that tiny bit of extra self control!;;
s_cards__btn_block;;;FREEZE;;
s_cards__lbl_dialog_confirm_unblock;;;Thaw card;;
s_cards__lbl_dialog_dismiss_unblock;;;Close;;
s_cards__lbl_dialog_title_unblock;;;Unfreeze card;;
s_cards__lbl_dialog_msg_unblock;;;You are about to unfreeze your card.\n\nWith this you are confirming your card is safe to use. You can always freeze it again if you change your mind!;;
s_cards__btn_unblock;;;UNFREEZE;;
s_cards__btn_report_lost;;;REPORT LOST/STOLEN;;
s_cards__lbl_report_lost_title;;;Report lost/stolen card;;
s_cards__btn_report_lost_confirm;;;OK;;
s_cards__lbl_report_lost_message;;;You can report your card as lost or stolen by contacting your bank on the numbers below.;;
s_cards__lbl_report_lost_subtitle_contact_us;;;Contact us;;
s_cards__lbl_report_lost_subtitle_note;;;Note:;;
s_cards__lbl_report_lost_note_message;;;If you think you just misplaced your card, there is always the FREEZE option. You might want to use that one first.;;
s_cards__lbl_overlay_blocked;;;This card is blocked;;
s_cards__lbl_overlay_not_activated;;;This card is not active yet;;
s_cards__lbl_overlay_blocked_by_user;;;This card is frozen;;
s_cards__title_security_settings;;;Security Settings;;
s_cards___button_security_settings;;;SECURITY SETTINGS;;
s_cards__title_button_view_pin;;;VIEW PIN;;
s_cards_settings_lbl_title;;;-;;
s_cards_settings_lbl_info;;;-;;
s_cards_settings_lbl_title_pos;;;POS PAYMENTS;;
s_cards_settings_lbl_info_pos;;;Turn off or change limits for payments made at merchant's POS machines;;
s_cards_settings_lbl_title_atm;;;ATM WITHDRAWALS;;
s_cards_settings_lbl_info_atm;;;Turn off cash withdrawals or reduce limits at ATMs for higher security;;
s_cards_settings_lbl_title_online;;;INTERNET PAYMENTS;;
s_cards_settings_lbl_info_online;;;Turn off or change limits for online payments;;
s_cards_settings_lbl_title_contactless;;;CONTACTLESS PAYMENTS;;
s_cards_settings_lbl_info_contactless;;;Disable contactless payments or reduce limits for higher security;;
s_cards_settings_lbl_geolocation;;;LOCATION-BASED SECURITY;;
s_cards_settings_lbl_geolocation_info;;;Restrict card use for specific locations;;
s_cards_settings_pos_payments__title_pos_payments;;;POS payments;;
s_cards_settings_pos_payments__lbl_pos_payments;;;POS PAYMENTS;;
s_cards_settings_pos_payments__title_atm_withdrawals;;;ATM withdrawals;;
s_cards_settings_pos_payments__lbl_atm_withdrawals;;;ATM WITHDRAWALS;;
s_cards_settings_pos_payments__title_internet_payments;;;Internet payments;;
s_cards_settings_pos_payments__lbl_internet_payments;;;INTERNET PAYMENTS;;
s_cards_settings_pos_payments__title_contactless_payments;;;Contactless payments;;
s_cards_settings_pos_payments__lbl_contactless_payments;;;CONTACTLESS PAYMENTS;;
s_cards_settings_geolocation__title_geolocation;;;Location-based security;;
s_cards_settings_geolocation__lbl_area;;;Area;;
s_cards_settings_geolocation__lbl_area_worldwide;;;WORLDWIDE;;
s_cards_settings_geolocation__lbl_area_restricted;;;RESTRICTED;;
s_cards_settings_geolocation__title_select_region;;;Allowed regions;;
s_cards_settings_geolocation__lbl_duration;;;Duration;;
s_cards_settings_limit_msg_disabled;;;-;;
s_cards_settings_limit_msg_disabled_ATM;;;You will not be able to perform any ATM withdrawals until you enable this feature again!\n\nIf you misplaced your card, you can use the FREEZE option instead.\n\nIf your card has been lost or stolen, it's best you report this to us;;
s_cards_settings_limit_msg_disabled_POS;;;You will not be able to make any purchases in stores until you enable POS payments again!\nIf you misplaced your card, you can use the FREEZE option instead.\n\nIf your card has been lost or stolen, it's best you report this to us.;;
s_cards_settings_limit_msg_disabled_ONLINE;;;You will not be able to make any purchases online until you enable Internet payments again!\nIf you misplaced your card, you can use the FREEZE option instead.\n\nIf your card has been lost or stolen, it's best you report this to us.;;
s_cards_settings_limit_msg_disabled_CONTACTLESS;;;You will not be able to perform any contactless payments in stores until you enable this feature again!\n\nIf you misplaced your card, you can use the FREEZE option instead.\n\nIf your card has been lost or stolen, it's best you report this to us.;;
s_cards_settings_limit_lbl_section_daily_limits;;;Daily limits;;
s_cards_settings_limit_lbl_daily_amount;;;Daily Amount;;
s_cards_settings_limit_lbl_max_daily_amount_prefix;;;Max amount ;;
s_cards_settings_limit_lbl_daily_transactions;;;Daily number of transactions;;
s_cards_settings_limit_lbl_max_daily_transactions_prefix;;;Max ;;
s_cards_settings_limit_lbl_section_monthly_limits;;;Monthly limits;;
s_cards_settings_limit_lbl_monthly_amount;;;Monthly Amount;;
s_cards_settings_limit_lbl_max_monthly_amount_prefix;;;Max amount ;;
s_cards_settings_limit_lbl_monthly_transactions;;;Monthly number of transactions;;
s_cards_settings_limit_lbl_max_monthly_transactions_prefix;;;Max ;;
s_cards_view_pin__title_view_pins;;;View PIN;;
s_cards_view_pin__lbl_info_msg;;;Your PIN will be hidden soon.;;

s_mcash__title_mcash;mcash;;mCash;;
s_mcash__lbl_card_picker_divider;;;Withdraw from;;
s_mcash__lbl_amount_picker_divider;;;Amount;;
s_mcash__lbl_amount_picker_custom;;;Custom;;
s_mcash__lbl_insert_amount;;;Insert amount;;
s_mcash__lbl_insert_amount_hint;;;Amount must be a multiple of %s;;
s_mcash__lbl_code_duration_picker_divider;;;Duration;;
s_mcash__lbl_select_duration;;;Select code duration;;
s_mcash__lbl_select_duration_value;;;%s min;;
s_mcash__btn_generate_code;;;GENERATE CODE;;
s_mcash__title_mcash_code;;;mCash code;;
s_mcash__lbl_mcash_code_instructions;;;To pick up %s, scan QR code or enter numeric code at ATM;;
s_mcash__lbl_mcash_code_validity;;;This code is valid for;;
s_mcash__title_invalidate_code;;;Invalidate code?;;
s_mcash__btn_invalidate;;;Invalidate;;
s_mcash__btn_cancel;;;Cancel;;
s_mcash__lbl_invalidate_code_msg;;;If you invalidate this mCash code, you won't be able to use it.;;
s_mcash__btn_share_code;;;SHARE CODE;;
s_mcash__btn_nearest_atm;;;LOCATE NEAREST MCASH ATM;;
s_mcash__btn_invalidate_code;;;INVALIDATE CODE;;
s_mcash__title_code_expired;;;Code expired!;;
s_mcash__lbl_code_expired_msg;;;Your mCash code expired. You can always generate a new one ;);;
s_mcash__title_mcash_code_used;;;Congratulations!;;
s_mcash__lbl_mcash_code_used_msg;;;This mCash code has been used successfully.;;
s_mcash__btn_limits;;;SEE YOUR ATM LIMITS;;
s_mcash__title_limits;;;Your ATM limits;;
s_mcash__lbl_amount;;;Total transaction amount per day;;
s_mcash__lbl_remaining_amount;;;Remaining transaction amount per day;;
s_mcash__lbl_transactions;;;Total number of transactions per day;;
s_mcash__lbl_remaining_transactions;;;Remaining number of transactions per day;;
s_cards__btn_mcash;;;MCASH;;

s_payments__title_payments;payments;;Payments;;
s_payments__btn_menu_pay_someone;;;PAY SOMEONE;;
s_payments__lbl_menu_pay_someone_description;;;Transfer money in Croatia, SEPA region or worldwide;;
s_payments__btn_menu_scan_to_pay;;;SCAN TO PAY;;
s_payments__lbl_menu_scan_to_pay_description;;;Scan QR codes and bar codes from payment slips;;
s_payments__btn_menu_internal_transfer;;;INTERNAL TRANSFER;;
s_payments__lbl_menu_internal_transfer_description;;;Transfer money between own accounts, exchange currencies, repay your cards and loans;;
s_payments__btn_menu_request_money;;;REQUEST MONEY;;
s_payments__lbl_menu_request_money_description;;;Create a code with your account info and share it to receive money;;
s_payments__btn_menu_recharge_phone;;;RECHARGE PHONE;;
s_payments__lbl_menu_recharge_phone_description;;;Transfer money to your mobile phone number;;
s_payments__btn_menu_buy_voucher;;;BUY A VOUCHER;;
s_payments__lbl_menu_buy_voucher_description;;;Buy a GSM voucher, gift voucher, recharge your ENC device, digital TV, and more;;
s_payments__btn_menu_my_orders;;;MY ORDERS;;
s_payments__lbl_menu_my_orders_description;;;View, edit or cancel payments you created via Mobile and Internet Banking apps;;
s_payments__lbl_my_orders_month_empty_state_msg;;;There are no orders to be displayed for this month.;;
s_payments__lbl_my_orders_empty_state_msg;;;There are no orders to be displayed for this account yet.;;
s_payments__lbl_my_orders_filter_no_results;;;There are no orders that match your filters.;;
s_payments__lbl_my_orders_search_no_results;;;There are no orders that match your search criteria.;;
s_payments__btn_menu_saved_payments;;;SAVED PAYMENTS;;
s_payments__lbl_menu_saved_payments_description;;;Manage your payment templates and beneficiaries;;

s_payments__title_request_or_share_request_money;;;Request money;;
s_payments__title_request_or_share_share;;;Share;;
s_payments__btn_request_or_share_request_money;;;REQUEST;;
s_payments__btn_request_or_share_share;;;SHARE;;
s_payments__lbl_request_or_share_money_credit_account;;;Money will be paid to;;
s_payments__title_request_or_share_money_share_code;;;Show code;;
s_payments__lbl_request_or_share_money_add_payment_details;;;ADD PAYMENT DETAILS;;
s_payments__lbl_request_or_share_money_amount;;;Amount;;
s_payments__lbl_request_or_share_money_description;;;Payment description;;
s_payments__btn_request_or_share_money_show_code;;;SHOW CODE;;

s_payments__title_pay_someone;;;Pay someone;;
s_payments__title_pay_someone_domestic;;;Domestic payment;;
s_payments__title_pay_someone_sepa;;;SEPA payment;;
s_payments__title_pay_someone_swift;;;International payment;;
s_payments__title_pay_internal_transfer;;;Internal transfer;;
s_payments__title_pay_someone_new;;;NEW;;
s_payments__title_pay_someone_recent_frequent;;;RECENT;;
s_payments__title_pay_someone_saved;;;SAVED;;
s_payments__lbl_pay_someone_pay_to;;;Pay to;;
s_payments__lbl_pay_someone_select_payment_type;;;Select payment type;;
s_payments__title_pay_someone_select_payment_type;;;Select payment type;;
s_payments__btn_pay_someone_identifier;;;-;;
s_payments__lbl_pay_someone_new;;;-;;
s_payments__lbl_pay_someone_hint_text_new;;;-;;
s_payments__lbl_pay_someone_error_new;;;-;;
s_payments__btn_pay_someone_identifier_EMAIL;;;E-MAIL ADDRESS;;
s_payments__lbl_pay_someone_new_EMAIL;;;E-mail address;;
s_payments__lbl_pay_someone_hint_text_new_EMAIL;;;E.g. email@example.com;;
s_payments__lbl_pay_someone_error_new_EMAIL;;;Please enter a valid e-mail address, e.g. email@example.com;;
s_payments__btn_pay_someone_identifier_PHONE;;;PHONE NUMBER;;
s_payments__lbl_pay_someone_new_PHONE;;;Phone number;;
s_payments__lbl_pay_someone_hint_text_new_PHONE;;;E.g. +385991234567;;
s_payments__lbl_pay_someone_error_new_PHONE;;;Please enter a phone number in the MSISDN format, e.g. +385991234567;;
s_payments__btn_pay_someone_identifier_IBAN;;;BANK ACCOUNT;;
s_payments__lbl_pay_someone_new_IBAN;;;Bank account number (IBAN);;
s_payments__lbl_pay_someone_error_new_IBAN;;;Invalid account number, please try again;;
s_payments__lbl_pay_someone_pay_in_currency;;;Amount;;
s_payments__title_pay_someone_result_executed;;;Payment successful!;;
s_payments__title_pay_someone_result_pending;;;Payment received!;;
s_payments__title_pay_someone_result_scheduled;;;Payment scheduled!;;
s_payments__title_pay_someone_result_rejected;;;Payment rejected!;;
s_payments__title_pay_someone_result_unknown;;;Something went wrong!;;
s_payments__lbl_pay_someone_result_transaction_id;;;Transaction ID;;
s_payments__lbl_pay_someone_result_executed_message;;;We have executed your payment order. You can find it on your Executed orders list.;;
s_payments__lbl_pay_someone_result_pending_message;;;We have received your payment. It will be processed as soon as possible. Until then, you can find it on your Pending orders list.;;
s_payments__lbl_pay_someone_result_scheduled_message;;;We have received your future payment. It will be processed on the scheduled date. Until then, you can find it on your Scheduled orders list.;;
s_payments__lbl_pay_someone_result_rejected_message;;;abc;;
s_payments__lbl_pay_someone_result_unknown_message;;;An error occurred. Please go to My orders list to check whether the payment is pending, executed or rejected;;
s_payments__lbl_pay_someone_result_view_receipt;;;VIEW RECEIPT;;
s_payments__lbl_pay_someone_result_go_to_orders;;;MY ORDERS;;
s_payments__lbl_pay_someone_result_pay_someone;;;PAY SOMEONE;;
s_payments__lbl_pay_someone_result_scan_to_pay;;;SCAN TO PAY;;
s_payments__lbl_pay_someone_result_payment_details;;;Payment details;;
s_payments__lbl_pay_someone_template_or_beneficiary_save;;;Save Template or Beneficiary;;
s_payments__lbl_pay_someone_template_or_beneficiary_description;;;Save to make faster payments later;;
s_payments__lbl_pay_someone_template_or_beneficiary_edit;;;Edit Template or Beneficiary;;
s_payments__lbl_pay_someone_select_account;;;SELECT ACCOUNT;;


s_payments__title_select_currency;;;Select currency;;
s_payments__lbl_select_currency_search_hint;;;Search by currency code or country name;;
s_payments__lbl_select_currency_preferred_currencies;;;Preferred currencies;;
s_payments__lbl_select_currency_all_currencies;;;All currencies;;
s_payments__title_my_orders;;;My Orders;;	
s_payments__title_scan_to_pay;;;Scan to Pay;;
s_payments__lbl_scan_to_pay_load_from_gallery;;;GALLERY;;
s_payments__lbl_scan_to_pay_flashlight;;;FLASHLIGHT;;

s_payments__title_saved_payments;;;Saved payments;;
s_payments__lbl_saved_payments_templates;;;Templates;;
s_payments__lbl_saved_payments_search_hint_text;;;Search by Name, Account, Phone, E-mail, Amount;;
s_payments__lbl_saved_payments_no_templates_msg;;;You can create a new template when you Pay someone.;;
s_payments__lbl_saved_payments_beneficiaries;;;Beneficiaries;;
s_payments__lbl_saved_payments_beneficiaries_choose_to_pay;;;Choose to pay(%s);;
s_payments__lbl_saved_payments_beneficiary_select_identifier;;;Pay to;;
s_payments__lbl_saved_payments_no_beneficiaries_msg;;;You can create a new beneficiary when you Pay someone.;;
s_payments__lbl_saved_payments_templates_and_beneficiaries;;;Templates and Beneficiaries;;
s_payments__lbl_saved_payments_no_templates_and_beneficiaries_msg;;;You can create a new template and/or beneficiary when you Pay someone.;;
s_payments__btn_saved_payments_delete;;;DELETE;;
s_payments__btn_saved_payments_pay;;;PAY;;
s_payments__btn_saved_payments_edit;;;EDIT;;
s_payments__title_saved_payments_delete_popup_title;;;Are you sure?;;
s_payments__title_saved_payments_delete_popup_message;;;Do you want to delete %s?;;
s_payments__lbl_saved_payments_search_no_results;;;There are no results that match your search criteria.;;
s_payments__lbl_saved_payments_search_no_templates;;;There are no templates that match your search criteria.;;
s_payments__lbl_saved_payments_search_no_beneficiaries;;;There are no beneficiaries that match your search criteria.;;

s_payments__title_edit_template;;;Edit Template;;
s_payments__lbl_edit_template_template_name;;;Template name;;
s_payments__lbl_pay_from;;;Pay from;;
s_payments__lbl_pay_to;;;Pay to;;
s_payments__lbl_payment_details;;;Payment details;;
s_payments__btn_show_more;;;SHOW MORE;;
s_payments__btn_show_less;;;SHOW LESS;;

s_payments__lbl_payment_beneficiary_name;;;Beneficiary name;;
s_payments__lbl_payment_payment_details;;;Payment details;;
s_payments__lbl_payment_amount_and_currency;;;Amount and currency;;
s_payments__lbl_payment_description;;;Description;;
s_payments__lbl_payment_model_and_reference;;;Model and Reference number;;
s_payments__lbl_payment_date;;;Payment date;;

s_payments__title_edit_beneficiary;;;Edit Beneficiary;;
s_payments__lbl_edit_beneficiary_beneficiary_name;;;Beneficiary name;;
s_payments__lbl_edit_beneficiary_bank_account;;;Bank Account;;
s_payments__lbl_edit_beneficiary_bank_account_description;;;Bank account number (IBAN);;
s_payments__lbl_edit_beneficiary_phone_number;;;Phone Number;;
s_payments__lbl_edit_beneficiary_phone_number_description;;;Phone number;;
s_payments__lbl_edit_beneficiary_email;;;E-mail Address;;
s_payments__btn_edit_beneficiary_add_new;;;-;;
s_payments__btn_edit_beneficiary_add_new_IBAN;;;ADD NEW BANK ACCOUNT;;
s_payments__btn_edit_beneficiary_add_new_PHONE;;;ADD NEW PHONE NUMBER;;
s_payments__btn_edit_beneficiary_add_new_EMAIL;;;ADD NEW E-MAIL ADDRESS;;

s_payments__title_template_or_beneficiary_save;;;Save Template or Beneficiary;;
s_payments__title_template_or_beneficiary_edit;;;Edit Template or Beneficiary;;
s_payments__lbl_template_or_beneficiary_save_as_template;;;SAVE AS TEMPLATE;;
s_payments__lbl_template_or_beneficiary_template_name;;;Template name;;
s_payments__lbl_template_or_beneficiary_save_as_beneficiary;;;SAVE AS BENEFICIARY;;
s_payments__lbl_template_or_beneficiary_beneficiary_name;;;Beneficiary name;;
s_payments__lbl_template_or_beneficiary_saved_as_template_msg;;;Payment order saved as template!;;
s_payments__lbl_template_or_beneficiary_saved_as_beneficiary_msg;;;Payment order saved as beneficiary!;;
s_payments__lbl_template_or_beneficiary_saved_as_template_and_beneficiary_msg;;;Payment order saved as template and beneficiary!;;
s_payments__title_payment_order_not_saved;;;Payment not saved!;;
s_payments__lbl_payment_not_saved_error_msg;;;An error occurred while saving your payment. Please try again.;;
s_payments__btn_save_template_or_beneficiary;;;SAVE AS TEMPLATE OR BENEFICIARY;;

s_payments__btn_order_details;;;DETAILS;;
s_payments__btn_order_edit;;;EDIT;;
s_payments__btn_order_copy;;;COPY;;
s_payments__btn_order_delete;;;DELETE;;
s_payments__btn_order_share;;;SHARE;;
s_payments__btn_order_view_receipt;;;VIEW RECEIPT;;

s_payments__title_dialog_enter_pin;;;Enter PIN;;
s_payments__btn_dialog_confirm;;;Confirm;;
s_payments__lbl_dialog_pin_input_description;;;4-8 digit pin;;

s_payments__title_payment_review;;;Payment review;;
s_payments__btn_pay;;;PAY;;

s_payments__lbl_internal_transfer_result_view_receipt;;;VIEW RECEIPT;;
s_payments__lbl_internal_transfer_result_internal_transfer;;;INTERNAL TRANSFER;;
s_payments__lbl_internal_transfer_result_go_to_orders;;;MY ORDERS;;
s_payments__title_internal_transfer_result_executed;;;Payment successful!;;
s_payments__title_internal_transfer_result_pending;;;Payment received!;;
s_payments__title_internal_transfer_result_scheduled;;;Payment scheduled!;;
s_payments__title_internal_transfer_result_rejected;;;Payment rejected!;;
s_payments__title_internal_transfer_result_unknown;;;Something went wrong!;;
s_payments__lbl_internal_transfer_result_executed_message;;;We have executed your payment order.%nYou can find it on your Executed orders list.;;
s_payments__lbl_internal_transfer_result_pending_message;;;We have received your payment. It will be processed as soon as possible. Until then, you can find it on your Pending orders list.;;
s_payments__lbl_internal_transfer_result_scheduled_message;;;We have received your future payment. It will be processed on the scheduled date. Until then, you can find it on your Scheduled orders list.;;
s_payments__lbl_internal_transfer_result_rejected_message;;;Your payment has been rejected. For more information go to your Rejected orders list.;;
s_payments__lbl_internal_transfer_result_unknown_message;;;An error occurred. Please go to My orders list to check whether the payment is pending, executed or rejected.;;

s_payments__title_scan_to_pay_code_not_read;;;Oops, the code could not be read!;;
s_payments__title_scan_to_pay_image_not_loaded;;;Oops, this image cannot be loaded!;;
s_payments__btn_scan_to_pay_enable_camera;;;To scan code, please enable camera permission;;
s_payments__lbl_scan_to_pay_code_not_read_message;;;Do you want to scan again or input payment details manually?;;
s_payments__lbl_scan_to_pay_image_not_loaded_message;;;Please try loading another image.;;
s_payments__btn_scan_to_pay_code_not_read_scan_again;;;Scan again;;
s_payments__btn_scan_to_pay_code_not_read_insert_payment_details;;;Input payment details;;
s_payments__btn_scan_to_pay_image_not_loaded_load_new_image;;;Load new image;;
s_payments__btn_scan_to_pay_image_not_loaded_continue_without_scan;;;Continue without scan;;

s_recharge_recent__title;;;Recent recharges;;
s_recharge_recent__btn_title;;;RECHARGE NEW PHONE;;
s_recharge__title;;;Recharge phone;;
s_recharge__default_amount;;;200.00;;
s_recharge__provider_dialog_title;;;Select Account;;
s_recharge__lbl_pay_from;;;Pay from;;
s_recharge__lbl_pay_to;;;Pay to;;
s_recharge__lbl_select_provider;;;Select provider;;
s_recharge__lbl_mobile_phone_number;;;Mobile phone number;;
s_recharge__lbl_amount;;;Amount;;
s_recharge_review__title;;;Payment review;;
s_recharge_review__btn_title;;;PAY;;
s_recharge_review__lbl_payment_details;;;Payment details;;
s_recharge_successful__title;;;Payment successful!;;
s_recharge_successful__lbl_transaction_id;;;Transaction ID;;
s_recharge_successful__lbl_confirm_info;;;Your payment has been executed.\nYou can find it on your Executed orders list.;;


s_recharge__btn_title_view_receipt;;;VIEW RECEIPT;;
s_recharge__btn_title_recharge_phone;;;RECHARGE PHONE;;
s_recharge__btn_title_my_orders;;;MY ORDERS;;

s_vouchers_list__title;;;Vouchers list;;
s_vouchers_list__btn_title;;;BUY NEW VOUCHER;;
s_buy_voucher__title;;;Buy a voucher;;
s_voucher_confirmation__lbl_details;;;Details;;
s_voucher_confirmation__lbl_voucher_provider;;;Voucher provider;;
s_voucher_confirmation__lbl_voucher_serial_number;;;Voucher serial number;;
s_voucher_confirmation__lbl_voucher_activation_code;;;Voucher activation code;;
s_voucher_confirmation__lbl_voucher_activation_instructions;;;Voucher activation instructions;;
s_voucher_confirmation__lbl_voucher_annuity;;;Voucher annuity;;
s_voucher_confirmation__lbl_voucher_valid_until;;;Voucher valid until;;
s_voucher_confirmation__lbl_voucher_usage_period;;;Voucher usage period;;
s_voucher_confirmation__lbl_voucher_date_time;;;Voucher date and time of purchase;;

s_more__title_more;;;More;;
s_more__lbl_toolbar_logout;;;LOGOUT;;
s_more__lbl_menu_mtoken;;;MTOKEN;;
s_more__lbl_menu_mtoken_description;;;Generate security codes for online payments and Internet Banking app;;
s_more__lbl_menu_locator;;;LOCATIONS;;
s_more__lbl_menu_locator_description;;;Find our nearest Branches and ATMs;;
s_more__lbl_menu_contacts;;;CONTACTS;;
s_more__lbl_menu_contacts_description;;;Contact us and check us out on social media;;
s_more__lbl_menu_documents;;;DOCUMENTS;;
s_more__lbl_menu_documents_description;;;Find all your accounts' statements and contracts in one place;;
s_more__lbl_menu_settings;;;SETTINGS;;
s_more__lbl_menu_settings_description;;;Manage your profile, security, services and device settings, check our policies and app info;;
c_more__lbl_logout_dialog_title;;;Logout;;
c_more__lbl_logout_dialog_message;;;Are you sure you want to logout?;;
c_more__lbl_logout_dialog_confirm;;;Log out;;
c_more__lbl_logout_dialog_cancel;;;Cancel;;

c_settings__lbl_change_pin_incorrect_pin_msg;Settings;;Incorrect PIN! If you enter an incorrect PIN 3 times in a row, you will not be able to change it today.;;
c_settings__title_change_pin_blocked_pin_change;;;Change PIN;;
c_settings__lbl_change_pin_blocked_pin_change_msg;;;Change PIN is not available at the moment because you entered an incorrect PIN 3 times in a row. Please try again later.;;
a_settings__title_change_pin_biometrics_suspended;;;PIN change failed!;;
a_settings__lbl_change_pin_biometrics_suspended_msg;;;PIN was not changed because the system suspended biometrics! You can try to change it again, once biometrics is unlocked.;;
c_settings__lbl_change_pin_success_msg;;;PIN successfully changed;;
a_settings__title_manage_biometrics_biometrics_suspended;;;Biometrics activation failed!;;
a_settings__lbl_manage_biometrics_biometrics_suspended_msg;;;Biometry was not activated for mBanking because the system suspended biometrics! You can try to activate it again, once biometrics is unlocked by the system.;;
c_settings__lbl_reset_recovery_code_success_msg;;;Recovery code successfully reset;;
c_settings__title_reset_recovery_code_error;;;Recovery code not reset!;;
c_settings__lbl_reset_recovery_code_error_msg;;;An error occurred. Please try again;;

s_settings__title;;;Settings;;
s_settings__lbl_search_hint;;;Search Settings;;
s_settings__subtitle_profile;;;My profile;;
s_settings__subtitle_security;;;Security;;
s_settings__subtitle_services;;;Services;;
s_settings__subtitle_app_policies;;;App and policies;;
s_settings__subtitle_devices;;;My device;;
s_settings__btn_personal_details;;;Personal details;;
s_settings__btn_main_branch;;;My branch office;;
s_settings__btn_personal_banker;;;My personal banker;;
s_settings__btn_change_pin;;;Change PIN;;
s_settings__btn_recovery_code;;;mBanking recovery code;;
s_settings__btn_manage_biometrics;;;Use biometrics;;
s_settings__btn_mb_limits;;;mBanking limits;;
s_settings__btn_fast_payments;;;Fast payments;;
s_settings__btn_notifications;;;Notifications;;
s_settings__btn_default_balance;;;Accounts main balance;;
s_settings__btn_home_screen;;;Balance on Home screen;;
s_settings__btn_about_app;;;About app;;
s_settings__btn_terms_and_conditions;;;Terms and conditions;;
s_settings__btn_privacy_policy;;;Privacy policy;;
s_settings__btn_gdpr_consent;;;GDPR consent;;
s_settings__btn_about_device;;;About device;;
s_settings__btn_deactivate_app;;;Deactivate app;;

s_settings__title_personal_details;;;Personal details;;
s_settings__subtitle_personal_details_contact_data;;;Contact data;;
s_settings__lbl_personal_details_user_name;;;User name;;
s_settings__lbl_personal_details_personal_id_number;;;Personal ID number;;
s_settings__lbl_personal_details_contact_data;;;Contact data;;
s_settings__lbl_personal_details_address;;;Address;;
s_settings__lbl_personal_details_phone_number;;;Phone number;;
s_settings__lbl_personal_details_email;;;E-mail address;;
s_settings__lbl_personal_details_email_copied;;;E-mail copied!;;
s_settings__lbl_personal_details_msg;;;If your address or phone number have changed, please come into your branch office to update the information.;;

s_settings__title_my_branch;;;My branch office;;
s_settings__btn_my_branch_change_branch;;;CHANGE BRANCH;;

s_settings__title_my_profile_my_banker;;;My personal banker;;
s_settings__btn_my_banker_schedule_a_meeting;;;SCHEDULE AN APPOINTMENT;;
s_settings__title_schedule_a_meeting;;;Schedule an appointment;;
s_settings__lbl_schedule_a_meeting;;;We have received your request and will contact you as soon as possible.;;

s_settings__lbl_change_pin_enter_old_pin;;;Enter old PIN;;
s_settings__lbl_change_pin_security;;;Enter new PIN;;
s_settings__lbl_change_pin_confirm;;;Confirm new PIN;;
s_settings__lbl_hint_change_pin_enter_old_pin;;;Enter old PIN;;
s_settings__lbl_hint_change_pin_security;;;For security reasons you should insert a 4 to 8 digits long PIN number. Avoid using repeated numbers (1111) and numbers in a row (1234).;;
s_settings__lbl_hint_change_pin_confirm;;;Repeat your PIN from previous screen.;;

s_settings__lbl_biometrics_use_biometrics;;;Use biometrics;;
s_settings__lbl_biometrics_description;;;USE BIOMETRICS;;
s_settings__lbl_biometrics_description_subtitle;;;For login and payment confirmation;;

s_settings__title_about_app;;;About app;;
s_settings__btn_about_app_update_app;;;UPDATE APP TO %s;;
s_settings__lbl_about_app_app_name;;;App name;;
s_settings__lbl_about_app_app_name_value;;;My Pocket Bank;;
s_settings__lbl_about_version;;;Version;;
s_settings__lbl_about_app_version_date;;;Version date;;
s_settings__lbl_about_app_developer;;;Developer;;

s_settings__title_about_device;;;About device;;
s_settings__btn_about_device_update;;;Update app to %s;;
s_settings__lbl_about_device_model_name;;;Device model name;;
s_settings__lbl_about_device_os;;;OS name and version;;
s_settings__lbl_about_device_last_access;;;Last access;;
s_settings__lbl_about_device_activated_on;;;Activated on;;
s_settings__lbl_about_device_app_name;;;App name;;
s_settings__lbl_about_device_app_version;;;App version;;

s_settings__title_account_balance_display;;;Accounts main balance;;
s_settings__lbl_account_balance_actual_balance;;;ACTUAL BALANCE;;
s_settings__lbl_account_balance_actual_balance_description;;;Shows accounts' actual balance on Home screen and in Payments;;
s_settings__lbl_account_balance_total_available_balance;;;TOTAL AVAILABLE BALANCE;;
s_settings__lbl_account_balance_total_available_balance_description;;;Shows accounts' total availability (balance + overdraft) on Home screen and in Payments;;

s_settings__title_personal_banker;;;My personal banker;;
s_settings__btn_personal_banker_schedule;;;SCHEDULE AN APPOINTMENT;;
s_settings__lbl_personal_banker_schedule_dialog;;;Schedule an appointment;;
s_settings__lbl_personal_banker_schedule_message;;;We have received your request and will contact you as soon as possible.;;

s_settings__title_branch_office;;;My branch office;;
s_settings__btn_branch_office_change_branch;;;CHANGE BRANCH;;
s_settings__lbl_branch_office_working_hours;;;Working hours;;

s_settings__title_gdpr_consent;;;GDPR Consent;;
s_settings__lbl_gdpr_consent_subtitle;;;Subtitle;;
s_settings__lbl_gdpr_consent_text;;;Consequat non esse quis deserunt voluptate pariatur anim in minim. Ad commodo ex incididunt Lorem sunt do ipsum fugiat veniam magna occaecat ut ea. Ad duis deserunt dolore excepteur aliqua ad irure aliquip eiusmod velit sint duis. Est excepteur consequat qui ad laboris enim exercitation aliqua qui labore est velit sunt. Sit sint sit minim amet.;;
s_settings__btn_gdpr_consent_accept;;;I ACCEPT;;
s_settings__btn_gdpr_consent_decline;;;I DECLINE;;
s_settings__btn_gdpr_info_msg;;;You can find the GDPR document under Contracts in Statements & Contracts area.;;


s_settings__title_home_screen_balance_visibility;;;Balance on Home screen;;
s_settings__btn_home_screen_balance_visibility_hide_balance;;;HIDE BALANCE;;
s_settings__lbl_home_screen_balance_visibility_description;;;If you want more privacy, you can hide your balances. When hidden, you can still check your balance, just tap on the “eye” icon.;;

s_settings__title_mobile_banking_limits;;;mBanking limits;;
s_settings__lbl_mobile_banking_limits_per_transaction;;;Limits per transaction;;
s_settings__lbl_mobile_banking_limits_individual_transaction_amount;;;Max. individual transaction amount;;
s_settings__lbl_mobile_banking_limits_per_day;;;Limits per day;;
s_settings__lbl_mobile_banking_limits_transaction_amount_per_day;;;Total transaction amount per day;;
s_settings__lbl_mobile_banking_limits_transaction_number_per_day;;;Total number of transactions per day;;
s_settings__lbl_mobile_banking_limits_per_month;;;Limits per month;;
s_settings__lbl_mobile_banking_limits_transaction_amount_per_month;;;Total transaction amount per month;;
s_settings__lbl_mobile_banking_limits_transaction_number_per_month;;;Total number of transactions per month;;

s_settings__title_notifications;;;Notifications;;
s_settings__lbl_notifications_dialog_deactivate;;;Deactivate;;
s_settings__lbl_notifications_dialog_cancel;;;Cancel;;
s_settings__lbl_notifications_dialog_title;;;You are about to delete your profile on this device!;;
s_settings__lbl_notifications_dialog_description;;;You will not be able to login to your mBanking app without registering it again. Do you want to proceed?;;
s_settings__lbl_notifications;;;-;;
s_settings__lbl_notifications_BANK_ACCOUNT;;;Account notifications;;
s_settings__lbl_notifications_CREDIT_CARD;;;Cards notifications;;
s_settings__lbl_notifications_SAVING_ACCOUNT;;;Savings notifications;;
s_settings__lbl_notifications_LOAN;;;Loan notifications;;
s_settings__lbl_notifications_account_select_title;;;Select accounts;;
s_settings__lbl_notifications_account_modal_select_title;;;Notify me about these accounts;;
s_settings__lbl_notifications_;;;-;;
s_settings__lbl_notifications_ACCOUNT_INCOMING_NOTIFICATIONS;;;INCOMING TRANSACTIONS;;
s_settings__lbl_notifications_ACCOUNT_OUTGOING_NOTIFICATIONS;;;OUTGOING TRANSACTIONS;;
s_settings__lbl_notifications_PAYMENTS_NOTIFICATIONS;;;PAYMENTS NOTIFICATIONS;;
s_settings__lbl_notifications_CARDS_NOTIFICATIONS;;;CREDIT CARD BILL DUE DATE REMINDER;;
s_settings__lbl_notifications_SAVINGS_INTERESTS_NOTIFICATIONS;;;INCOMING INTERESTS;;
s_settings__lbl_notifications_SAVINGS_MATURITY_DATE_NOTIFICATIONS;;;UPCOMING MATURITY DATE;;
s_settings__lbl_notifications_LOAN_UPCOMING_INSTALLMENT;;;UPCOMING LOAN INSTALLMENT;;
s_settings__lbl_notifications_incoming_transactions_description;;;Notify me about incoming transactions above;;
s_settings__lbl_notifications_cards;;;CARDS NOTIFICATIONS;;
s_settings__lbl_notifications_cards_description;;;Credit card bill due date reminder;;
s_settings__lbl_notifications_savings;;;SAVINGS NOTIFICATIONS;;
s_settings__lbl_notifications_savings_description;;;Incoming & outgoing transactions;;
s_settings__lbl_notifications_payments;;;PAYMENTS NOTIFICATIONS;;
s_settings__lbl_notifications_payments_description;;;Rejected and scheduled payments;;

s_settings__title_privacy_policy;;;Privacy policy;;
s_settings__lbl_privacy_policy_url;;;https://see.asseco.com/privacy-policy/;;

s_settings__title_terms_and_conditions;;;Terms and conditions;;
s_settings__lbl_terms_and_conditions_url;;;https://see.asseco.com/privacy-policy/;;

s_util_lbl_multi_select_none_selected;;;None;;
s_util_lbl_multi_select_multiple_selected;;;Multiple selected;;

s_settings__modal_title_deactivate;;;You are about to delete your profile on this device!;;
s_settings__modal_msg_deactivate;;;You will not be able to login to your mBanking app without registering it again. Do you want to proceed?;;

s_settings__title_default_accounts;;;Main products on Home screen;;
s_settings__msg_default_accounts;;;Main account, card, saving and loan are the first products you see on your Home screen.;;
s_settings__lbl_default_accounts_;;;-;;
s_settings__lbl_default_accounts_BANK_ACCOUNT;;;Main Account;;
s_settings__lbl_default_accounts_CREDIT_CARD;;;Main Card;;
s_settings__lbl_default_accounts_LOAN;;;Main Loan;;
s_settings__lbl_default_accounts_SAVING_ACCOUNT;;;Main Saving;;
s_settings__title_default_accounts_picker_;;;-;;
s_settings__title_default_accounts_picker_BANK_ACCOUNT;;;Select Account;;
s_settings__title_default_accounts_picker_CREDIT_CARD;;;Select Card;;
s_settings__title_default_accounts_picker_LOAN;;;Select Loan;;
s_settings__title_default_accounts_picker_SAVING_ACCOUNT;;;Select Saving;;

s_settings_fast_balance__title_fast_balance;;;mBalance;;
s_settings_fast_balance__lbl_fast_balance_info_msg;;;Use mBalance if you want to quickly check your accounts' and cards' balances, without logging into mBanking app.;;
s_settings_fast_balance__lbl_show_balance_switch;;;SHOW BALANCE ON PRELOGIN;;
s_settings_fast_balance__lbl_select_products;;;Display selected products on prelogin;;
s_settings_fast_balance__lbl_setting_change_success_msg;;;mBalance setting successfully changed;;
s_settings_fast_balance__title_setting_change_error_msg;;;An error occurred. Please try again;;
s_prelogin_fast_balance__title_your_balance;;;mBalance;;
s_prelogin_fast_balance__btn_your_balance;;;ADD OR REMOVE ACCOUNTS;;
s_prelogin_fast_balance__;;;-;;
s_prelogin_fast_balance__BANK_ACCOUNT;;;Accounts;;
s_prelogin_fast_balance__CREDIT_CARD;;;Cards;;
s_prelogin_fast_balance__LOAN;;;Loans;;
s_prelogin_fast_balance__SAVING_ACCOUNT;;;Savings;;

s_settings_btn_recovery_code;;;mBanking recover code;;
s_settings_recovery_code_init_title;;;mBanking recovery code;;
s_settings_recovery_code_init_info;;;Forgot your PIN or want to move your mBanking app to a new mobile phone? Don’t worry! You can easily re-register the app. You just need to know your user ID and mBanking recovery code. \n\nIf you forgot your recovery code, you can reset it here.;;
s_settings_recovery_code_init_button;;;RESET CODE;;
s_settings_recovery_code_title_new;;;Set new recovery code;;
s_settings_recovery_code_title_confirm;;;Confirm new recovery code;;
s_settings_recovery_code_title_pin;;;Enter PIN;;

a_cards__title_gpay_landing;Google Pay;;Add to Google Pay;;
a_cards__lbl_gpay_landing_info;;;Want to make your purchases at stores, in apps and online easier than ever?\n\nForget about physical cards and typing you card information!\n\nJust add your card to Google Pay and start making contactless purchases with your mobile phone today.;;
a_cards__btn_add_card_to_gpay;;;ADD CARD;;
a_cards__lbl_gpay_digitized_card;;;Added to Google Pay;;
a_cards__btn_gpay_manage;;;MANAGE IT;;
a_cards__title_gpay_settings;;;Google Pay settings;;
a_cards__lbl_gpay_settings_not_default;;;You can make this card your default Google Pay card so it is charged each time you make a payment with Google Pay.\n\nYou can remove your card from Google Pay, but you will not be able to make payments with your phone using this card anymore.;;
a_cards__lbl_gpay_settings_default;;;This card is your default Google Pay card so it is charged each time you make a payment with Google Pay.\n\nYou can remove your card from Google Pay, but you will not be able to make payments with your phone using this card anymore.;;
a_cards__btn_remove_card_from_gpay;;;REMOVE FROM GOOGLE PAY;;
a_cards__btn_set_as_default_gpay_card;;;SET AS DEFAULT CARD;;
a_cards__lbl_gpay_settings_default_success;;;Card set as default in Google Pay.;;
a_cards__lbl_gpay_settings_remove_success;;;Card removed from Google Pay!;;